sample_name,sequence,nacl_value,kcl_value
222AF,CGACGAGTAGGGAAGGGAAGGGAAGGGACTGATCGG,95.29,88.795
111AF,CGACGAGTAGGGAGGGAGGGAGGGACTGATCGG,114.65,124.8
333AF,CGACGAGTAGGGAAAGGGAAAGGGAAAGGGACTGATCGG,83.505,83.87
444AF,CGACGAGTAGGGAAAAGGGAAAAGGGAAAAGGGACTGATCGG,124.95,113.345
555AF,CGACGAGTAGGGAAAAAGGGAAAAAGGGAAAAAGGGACTGATCGG,79.215,82.36
211AF,CGACGAGTAGGGAAGGGAGGGAGGGACTGATCGG,122.675,94.52
311AF,CGACGAGTAGGGAAAGGGAGGGAGGGACTGATCGG,145.8,116.15
411AF,CGACGAGTAGGGAAAAGGGAGGGAGGGACTGATCGG,175.75,158.95
511AF,CGACGAGTAGGGAAAAAGGGAGGGAGGGACTGATCGG,168.5,152.25
121AF,CGACGAGTAGGGAGGGAAGGGAGGGACTGATCGG,112.38,132.65
131AF,CGACGAGTAGGGAGGGAAAGGGAGGGACTGATCGG,111.105,105.9
141AF,CGACGAGTAGGGAGGGAAAAGGGAGGGACTGATCGG,121.25,126.4
151AF,CGACGAGTAGGGAGGGAAAAAGGGAGGGACTGATCGG,110.05,125.1
112AF,CGACGAGTAGGGAGGGAGGGAAGGGACTGATCGG,92.7,91.035
113AF,CGACGAGTAGGGAGGGAGGGAAAGGGACTGATCGG,92.795,82.31
114AF,CGACGAGTAGGGAGGGAGGGAAAAGGGACTGATCGG,82.95,103.835
115AF,CGACGAGTAGGGAGGGAGGGAAAAAGGGACTGATCGG,72.78,118.35
222TF,CGACGAGTAGGGTTGGGTTGGGTTGGGACTGATCGG,72.175,129.45
111TF,CGACGAGTAGGGTGGGTGGGTGGGACTGATCGG,136.3,171.7
333TF,CGACGAGTAGGGTTTGGGTTTGGGTTTGGGACTGATCGG,74.1,160.65
444TF,CGACGAGTAGGGTTTTGGGTTTTGGGTTTTGGGACTGATCGG,67.02,173.7
555TF,CGACGAGTAGGGTTTTTGGGTTTTTGGGTTTTTGGGACTGATCGG,62.67,101.035
L1A,CGACGAGTAGGGAGGGTGGGTGGGACTGATCGG,76.365,131.9
L2A,CGACGAGTAGGGTGGGAGGGTGGGACTGATCGG,112.95,134.05
L3A,CGACGAGTAGGGTGGGTGGGAGGGACTGATCGG,96.065,174.7
L1AA,CGACGAGTAGGGAAGGGTTGGGTTGGGACTGATCGG,82.95,133.3
L2AA,CGACGAGTAGGGTTGGGAAGGGTTGGGACTGATCGG,90.935,134.55
L3AA,CGACGAGTAGGGTTGGGTTGGGAAGGGACTGATCGG,89.105,87.68
L1AT,CGACGAGTAGGGATGGGTTGGGTTGGGACTGATCGG,74.91,147.55
L1TA,CGACGAGTAGGGTAGGGTTGGGTTGGGACTGATCGG,72.78,152.9
L2AT,CGACGAGTAGGGTTGGGATGGGTTGGGACTGATCGG,77.33,154.5
L2TA,CGACGAGTAGGGTTGGGTAGGGTTGGGACTGATCGG,64.225,147.1
L3AT,CGACGAGTAGGGTTGGGTTGGGATGGGACTGATCGG,81.5,135.1
L3TA,CGACGAGTAGGGTTGGGTTGGGTAGGGACTGATCGG,81.3,134.95
L1C,CGACGAGTAGGGCGGGTGGGTGGGACTGATCGG,96.035,152.7
L2C,CGACGAGTAGGGTGGGCGGGTGGGACTGATCGG,92.7,146.65
L3C,CGACGAGTAGGGTGGGTGGGCGGGACTGATCGG,92.795,158.05
L1CC,CGACGAGTAGGGCCGGGTTGGGTTGGGACTGATCGG,115.88,88.965
L2CC,CGACGAGTAGGGTTGGGCCGGGTTGGGACTGATCGG,79.14,128.6
L3CC,CGACGAGTAGGGTTGGGTTGGGCCGGGACTGATCGG,86.55,83.5
L1CT,CGACGAGTAGGGCTGGGTTGGGTTGGGACTGATCGG,120.4,121.25
L1TC,CGACGAGTAGGGTCGGGTTGGGTTGGGACTGATCGG,117.81,137.4
L2CT,CGACGAGTAGGGTTGGGCTGGGTTGGGACTGATCGG,112.38,147.5
L2TC,CGACGAGTAGGGTTGGGTCGGGTTGGGACTGATCGG,111.105,116.45
L3CT,CGACGAGTAGGGTTGGGTTGGGCTGGGACTGATCGG,121.25,137.15
L3TC,CGACGAGTAGGGTTGGGTTGGGTCGGGACTGATCGG,110.05,109.5
221T,CGACGAGTAGGGTTGGGTTGGGTGGGACTGATCGG,80.295,143.7
122T,CGACGAGTAGGGTGGGTTGGGTTGGGACTGATCGG,90.07,147.35
331T,CGACGAGTAGGGTTTGGGTTTGGGTGGGACTGATCGG,78.14,133.9
313T,CGACGAGTAGGGTTTGGGTGGGTTTGGGACTGATCGG,79.895,120.55
133T,CGACGAGTAGGGTGGGTTTGGGTTTGGGACTGATCGG,72.785,100.845
441T,CGACGAGTAGGGTTTTGGGTTTTGGGTGGGACTGATCGG,69.97,115.75
414T,CGACGAGTAGGGTTTTGGGTGGGTTTTGGGACTGATCGG,77.755,121.05
144T,CGACGAGTAGGGTGGGTTTTGGGTTTTGGGACTGATCGG,75.49,107.95
551T,CGACGAGTAGGGTTTTTGGGTTTTTGGGTGGGACTGATCGG,74.57,110.95
515T,CGACGAGTAGGGTTTTTGGGTGGGTTTTTGGGACTGATCGG,65.445,109.85
155T,CGACGAGTAGGGTGGGTTTTTGGGTTTTTGGGACTGATCGG,66.355,172.4
221A,CGACGAGTAGGGAAGGGAAGGGAGGGACTGATCGG,139.75,93.91
122A,CGACGAGTAGGGAGGGAAGGGAAGGGACTGATCGG,86.165,93.91
331A,CGACGAGTAGGGAAAGGGAAAGGGAGGGACTGATCGG,181.55,151.75
313A,CGACGAGTAGGGAAAGGGAGGGAAAGGGACTGATCGG,133.3,116.84
133A,CGACGAGTAGGGAGGGAAAGGGAAAGGGACTGATCGG,91.61,96.04
441A,CGACGAGTAGGGAAAAGGGAAAAGGGAGGGACTGATCGG,192.4,205.5
414A,CGACGAGTAGGGAAAAGGGAGGGAAAAGGGACTGATCGG,146.55,116.845
144A,CGACGAGTAGGGAGGGAAAAGGGAAAAGGGACTGATCGG,126.2,107.36
551A,CGACGAGTAGGGAAAAAGGGAAAAAGGGAGGGACTGATCGG,114.39,107.275
515A,CGACGAGTAGGGAAAAAGGGAGGGAAAAAGGGACTGATCGG,109.6,112.775
155A,CGACGAGTAGGGAGGGAAAAAGGGAAAAAGGGACTGATCGG,104.135,100.23
RF_111C,CGACGAGGAGGGCGGGCGGGCGGGACTGATCGG,65.625,146.5
RF_222C,CGACGAGGAGGGCCGGGCCGGGCCGGGACTGATCGG,58.76,70.515
RF333C,CGACGAGGAGGGCCCGGGCCCGGGCCCGGGACTGATCGG,64.545,72.525